{
    "metrics": {
        "http_req_failed": {
            "passes": 6982,
            "fails": 0,
            "value": 1
        },
        "checks": {
            "passes": 0,
            "fails": 6981,
            "value": 0
        },
        "http_req_duration": {
            "p(99)": 16.91447515999996,
            "min": 3.827724,
            "max": 41.062402,
            "avg": 7.2054665171870536,
            "p(90)": 9.545998900000003,
            "p(95)": 11.2825214,
            "thresholds": {
                "p(95)<200": false
            }
        },
        "http_req_waiting": {
            "p(90)": 9.346549000000001,
            "p(95)": 11.088535949999999,
            "p(99)": 16.73758916999998,
            "min": 3.689215,
            "max": 40.596074,
            "avg": 7.037217957462014
        },
        "http_req_connecting": {
            "avg": 0.023452535519908335,
            "p(90)": 0,
            "p(95)": 0,
            "p(99)": 0,
            "min": 0,
            "max": 9.462476
        },
        "iterations": {
            "count": 6981,
            "rate": 347.58402584132494
        },
        "vus": {
            "max": 50,
            "value": 1,
            "min": 1
        },
        "http_req_blocked": {
            "p(99)": 0.08346099999999904,
            "min": 0.0024,
            "max": 9.732393,
            "avg": 0.036263581781724445,
            "p(90)": 0.013901,
            "p(95)": 0.018491049999999964
        },
        "http_req_tls_handshaking": {
            "min": 0,
            "max": 0,
            "avg": 0,
            "p(90)": 0,
            "p(95)": 0,
            "p(99)": 0
        },
        "iteration_duration": {
            "avg": 108.11258091333619,
            "p(90)": 110.470731,
            "p(95)": 112.358547,
            "p(99)": 118.20374559999999,
            "min": 104.529316,
            "max": 141.871344
        },
        "vus_max": {
            "value": 50,
            "min": 50,
            "max": 50
        },
        "http_req_sending": {
            "p(95)": 0.079605,
            "p(99)": 0.1675611899999997,
            "min": 0.0064,
            "max": 0.768447,
            "avg": 0.035475019192208336,
            "p(90)": 0.059503
        },
        "http_req_receiving": {
            "min": 0.026401,
            "max": 5.886259,
            "avg": 0.13277354053279836,
            "p(90)": 0.214113,
            "p(95)": 0.26070999999999994,
            "p(99)": 0.43245799999999884
        },
        "data_received": {
            "count": 2192348,
            "rate": 109157.01817578815
        },
        "data_sent": {
            "count": 712164,
            "rate": 35458.649216338825
        },
        "http_reqs": {
            "count": 6982,
            "rate": 347.6338158464591
        }
    },
    "root_group": {
        "name": "",
        "path": "",
        "id": "d41d8cd98f00b204e9800998ecf8427e",
        "groups": {},
        "checks": {
                "status is 200": {
                    "passes": 0,
                    "fails": 6981,
                    "name": "status is 200",
                    "path": "::status is 200",
                    "id": "6210a8cd14cd70477eba5c5e4cb3fb5f"
                }
            }
    }
}