{
    "root_group": {
        "path": "",
        "id": "d41d8cd98f00b204e9800998ecf8427e",
        "groups": {},
        "checks": {
                "status is 201": {
                    "name": "status is 201",
                    "path": "::status is 201",
                    "id": "ec8c9afd59577ad0eb26fbf150ecf791",
                    "passes": 0,
                    "fails": 1021841
                }
            },
        "name": ""
    },
    "metrics": {
        "data_sent": {
            "count": 260606962,
            "rate": 2768222.256911615
        },
        "data_received": {
            "count": 380892614,
            "rate": 4045921.8874131404
        },
        "http_req_waiting": {
            "p(95)": 27.168020999999996,
            "avg": 7.766296765939026,
            "min": 0,
            "med": 4.142716,
            "max": 457.391943,
            "p(90)": 19.6038758
        },
        "http_req_tls_handshaking": {
            "avg": 0,
            "min": 0,
            "med": 0,
            "max": 0,
            "p(90)": 0,
            "p(95)": 0
        },
        "http_req_receiving": {
            "med": 0.051004,
            "max": 479.709052,
            "p(90)": 0.205917,
            "p(95)": 1.0222849999999999,
            "avg": 0.8372138247852625,
            "min": -2.447483
        },
        "checks": {
            "passes": 0,
            "fails": 1021841,
            "value": 0
        },
        "iterations": {
            "count": 1021841,
            "rate": 10854.211175006221
        },
        "http_req_duration": {
            "min": -0.887765,
            "med": 4.585219,
            "max": 525.010492,
            "p(90)": 20.938641200000003,
            "p(95)": 29.576339199999975,
            "avg": 8.85020818305358,
            "thresholds": {
                "p(95)<350": false
            }
        },
        "vus_max": {
            "value": 150,
            "min": 150,
            "max": 150
        },
        "iteration_duration": {
            "p(90)": 26.390634,
            "p(95)": 38.283099,
            "avg": 11.207996642408217,
            "min": 0.250621,
            "med": 5.705297,
            "max": 888.660955
        },
        "http_req_connecting": {
            "max": 88.652442,
            "p(90)": 0,
            "p(95)": 0,
            "avg": 0.004263880907061607,
            "min": 0,
            "med": 0
        },
        "http_req_sending": {
            "min": -1.963726,
            "med": 0.021902,
            "max": 478.760922,
            "p(90)": 0.049704,
            "p(95)": 0.093608,
            "avg": 0.2466975923291886
        },
        "http_req_failed": {
            "passes": 1021849,
            "fails": 0,
            "value": 1
        },
        "http_reqs": {
            "count": 1021849,
            "rate": 10854.296152697858
        },
        "http_req_blocked": {
            "max": 229.209068,
            "p(90)": 0.0102,
            "p(95)": 0.013701,
            "avg": 0.03782994769871472,
            "min": 0.0018,
            "med": 0.0057
        },
        "vus": {
            "min": 5,
            "max": 150,
            "value": 128
        }
    }
}