{
    "root_group": {
        "name": "",
        "path": "",
        "id": "d41d8cd98f00b204e9800998ecf8427e",
        "groups": {},
        "checks": {}
    },
    "metrics": {
        "http_req_connecting": {
            "med": 0,
            "max": 48.957682,
            "p(90)": 0,
            "p(95)": 0,
            "avg": 0.22624403866666665,
            "min": 0
        },
        "http_req_waiting": {
            "p(90)": 8.196522900000001,
            "p(95)": 10.020425100000002,
            "avg": 5.19818584566667,
            "min": 1.552861,
            "med": 4.708077,
            "max": 34.588977
        },
        "http_req_receiving": {
            "p(95)": 0.26651605,
            "avg": 0.15602445050000016,
            "min": 0.017601,
            "med": 0.1415055,
            "max": 3.366598,
            "p(90)": 0.23492390000000005
        },
        "iteration_duration": {
            "avg": 6.0053219743333575,
            "min": 1.869674,
            "med": 5.1951665,
            "max": 79.545306,
            "p(90)": 9.023781000000001,
            "p(95)": 12.3080975
        },
        "iterations": {
            "count": 6000,
            "rate": 299.96841992468717
        },
        "data_sent": {
            "count": 1710757,
            "rate": 85528.84569418301
        },
        "rate_limited": {
            "count": 1903,
            "rate": 95.13998385277995
        },
        "data_received": {
            "count": 2137478,
            "rate": 106862.64971396342
        },
        "http_reqs": {
            "count": 6000,
            "rate": 299.96841992468717
        },
        "http_req_duration{expected_response:true}": {
            "avg": 6.594646887234566,
            "min": 2.883285,
            "med": 5.769228,
            "max": 34.79889,
            "p(90)": 9.4166124,
            "p(95)": 11.554526999999998
        },
        "vus": {
            "min": 1,
            "max": 4,
            "value": 1
        },
        "vus_max": {
            "value": 200,
            "min": 200,
            "max": 200
        },
        "http_req_blocked": {
            "avg": 0.2484083523333344,
            "min": 0.0042,
            "med": 0.008601,
            "max": 49.112391,
            "p(90)": 0.016301,
            "p(95)": 0.03471695000000005
        },
        "http_req_sending": {
            "avg": 0.07298767383333325,
            "min": 0.015801,
            "med": 0.061804,
            "max": 0.975261,
            "p(90)": 0.114007,
            "p(95)": 0.142209
        },
        "http_req_failed": {
            "passes": 1903,
            "fails": 4097,
            "value": 0.31716666666666665
        },
        "created_201": {
            "count": 4097,
            "rate": 204.82843607190722
        },
        "http_req_duration": {
            "avg": 5.427197970000016,
            "min": 1.683166,
            "med": 4.902908500000001,
            "max": 34.79889,
            "p(90)": 8.5151725,
            "p(95)": 10.394154100000003
        },
        "http_req_tls_handshaking": {
            "min": 0,
            "med": 0,
            "max": 0,
            "p(90)": 0,
            "p(95)": 0,
            "avg": 0
        }
    }
}