{
    "metrics": {
        "data_sent": {
            "rate": 30096.6926700567,
            "count": 604296
        },
        "http_req_duration{expected_response:true}": {
            "min": 2.026557,
            "med": 3.6650325,
            "max": 61.664367,
            "p(90)": 5.2798129,
            "p(95)": 6.055309749999998,
            "avg": 4.016195950792313
        },
        "http_req_waiting": {
            "min": 1.908248,
            "med": 3.532032,
            "max": 61.120525,
            "p(90)": 5.091856699999999,
            "p(95)": 5.855399699999994,
            "avg": 3.8743742604948572
        },
        "vus_max": {
            "min": 50,
            "max": 50,
            "value": 50
        },
        "http_req_receiving": {
            "avg": 0.1123231214901301,
            "min": 0.019901,
            "med": 0.0935075,
            "max": 6.625533,
            "p(90)": 0.19048429999999997,
            "p(95)": 0.22785299999999994
        },
        "http_req_blocked": {
            "avg": 0.014573473867111473,
            "min": 0.002,
            "med": 0.007901,
            "max": 2.981731,
            "p(90)": 0.013001,
            "p(95)": 0.016701
        },
        "http_req_duration": {
            "max": 61.664367,
            "p(90)": 5.2798129,
            "p(95)": 6.055309749999998,
            "avg": 4.016195950792313,
            "min": 2.026557,
            "med": 3.6650325,
            "thresholds": {
                "p(95)<200": false
            }
        },
        "http_req_connecting": {
            "max": 0.889869,
            "p(90)": 0,
            "p(95)": 0,
            "avg": 0.003461401584653879,
            "min": 0,
            "med": 0
        },
        "data_received": {
            "count": 2604228,
            "rate": 129702.41364953005
        },
        "vus": {
            "value": 2,
            "min": 2,
            "max": 50
        },
        "http_reqs": {
            "count": 7194,
            "rate": 358.2939603578178
        },
        "http_req_failed": {
            "passes": 0,
            "fails": 7194,
            "value": 0
        },
        "iterations": {
            "count": 7193,
            "rate": 358.2441558039733
        },
        "http_req_sending": {
            "med": 0.022002,
            "max": 0.899872,
            "p(90)": 0.049104,
            "p(95)": 0.07424099999999995,
            "avg": 0.029498568807339455,
            "min": 0.0054
        },
        "http_req_tls_handshaking": {
            "p(90)": 0,
            "p(95)": 0,
            "avg": 0,
            "min": 0,
            "med": 0,
            "max": 0
        },
        "iteration_duration": {
            "min": 102.486311,
            "med": 104.542251,
            "max": 135.090584,
            "p(90)": 106.2884892,
            "p(95)": 107.1631408,
            "avg": 104.88310032086777
        },
        "checks": {
            "passes": 7193,
            "fails": 0,
            "value": 1
        }
    },
    "root_group": {
        "name": "",
        "path": "",
        "id": "d41d8cd98f00b204e9800998ecf8427e",
        "groups": {},
        "checks": {
                "status is 200": {
                    "id": "6210a8cd14cd70477eba5c5e4cb3fb5f",
                    "passes": 7193,
                    "fails": 0,
                    "name": "status is 200",
                    "path": "::status is 200"
                }
            }
    }
}