{
    "metrics": {
        "vus": {
            "min": 2,
            "max": 25,
            "value": 3
        },
        "checks": {
            "fails": 0,
            "passes": 72001,
            "value": 1
        },
        "data_sent": {
            "count": 6048168,
            "rate": 67167.9169341133
        },
        "data_received": {
            "count": 26064724,
            "rate": 289461.7372636787
        },
        "http_reqs": {
            "count": 72002,
            "rate": 799.6180587394439
        },
        "http_req_sending": {
            "med": 0.050604,
            "max": 3.956709,
            "p(90)": 0.085807,
            "p(95)": 0.103409,
            "avg": 0.05392627532568699,
            "min": -2.580649
        },
        "http_req_receiving": {
            "avg": 0.14796281854670837,
            "min": -2.244231,
            "med": 0.13351,
            "max": 17.156938,
            "p(90)": 0.2172169,
            "p(95)": 0.25392095
        },
        "http_req_tls_handshaking": {
            "max": 0,
            "p(90)": 0,
            "p(95)": 0,
            "avg": 0,
            "min": 0,
            "med": 0
        },
        "http_req_duration{expected_response:true}": {
            "avg": 3.6453815250131876,
            "min": 0.370868,
            "med": 2.969029,
            "max": 313.308635,
            "p(90)": 4.2274148,
            "p(95)": 5.148075799999999
        },
        "http_req_duration": {
            "avg": 3.6453815250131876,
            "min": 0.370868,
            "med": 2.969029,
            "max": 313.308635,
            "p(90)": 4.2274148,
            "p(95)": 5.148075799999999,
            "thresholds": {
                "p(95)<200": false
            }
        },
        "iterations": {
            "count": 72001,
            "rate": 799.6069532415586
        },
        "iteration_duration": {
            "p(95)": 5.579326,
            "avg": 3.9519061359981142,
            "min": 1.754737,
            "med": 3.245039,
            "max": 313.62446,
            "p(90)": 4.603784
        },
        "http_req_connecting": {
            "avg": 0.017342757270631375,
            "min": 0,
            "med": 0,
            "max": 47.131102,
            "p(90)": 0,
            "p(95)": 0
        },
        "http_req_failed": {
            "passes": 0,
            "fails": 72002,
            "value": 0
        },
        "http_req_blocked": {
            "min": 0.0021,
            "med": 0.0099,
            "max": 47.519531,
            "p(90)": 0.014301,
            "p(95)": 0.016701,
            "avg": 0.029205231729675134
        },
        "http_req_waiting": {
            "max": 313.155523,
            "p(90)": 3.9745094,
            "p(95)": 4.854850949999998,
            "avg": 3.443492431140797,
            "min": 0.26226,
            "med": 2.775772
        },
        "vus_max": {
            "min": 200,
            "max": 200,
            "value": 200
        }
    },
    "root_group": {
        "id": "d41d8cd98f00b204e9800998ecf8427e",
        "groups": {},
        "checks": {
                "status is 200": {
                    "name": "status is 200",
                    "path": "::status is 200",
                    "id": "6210a8cd14cd70477eba5c5e4cb3fb5f",
                    "passes": 72001,
                    "fails": 0
                }
            },
        "name": "",
        "path": ""
    }
}