{
    "root_group": {
        "name": "",
        "path": "",
        "id": "d41d8cd98f00b204e9800998ecf8427e",
        "groups": {},
        "checks": {
                "status is 201": {
                    "fails": 7678,
                    "name": "status is 201",
                    "path": "::status is 201",
                    "id": "ec8c9afd59577ad0eb26fbf150ecf791",
                    "passes": 5823
                }
            }
    },
    "metrics": {
        "http_req_duration{expected_response:true}": {
            "p(90)": 3.9474506000000003,
            "p(95)": 4.425014999999999,
            "avg": 3.321230001373866,
            "min": 1.204304,
            "med": 3.203428,
            "max": 16.980469
        },
        "http_req_duration": {
            "max": 21.472787,
            "p(90)": 3.789162,
            "p(95)": 4.213695,
            "avg": 3.1835308428264586,
            "min": 1.204304,
            "med": 3.077514,
            "thresholds": {
                "p(95)<350": false
            }
        },
        "http_req_waiting": {
            "min": 1.012091,
            "med": 2.870302,
            "max": 21.156966,
            "p(90)": 3.545744,
            "p(95)": 3.938969,
            "avg": 2.9721034595955786
        },
        "vus": {
            "min": 0,
            "max": 1,
            "value": 1
        },
        "iteration_duration": {
            "avg": 3.5131463209392004,
            "min": 2.278964,
            "med": 3.392838,
            "max": 22.007024,
            "p(90)": 4.16485,
            "p(95)": 4.656922
        },
        "http_req_receiving": {
            "p(95)": 0.232016,
            "avg": 0.14303734064143375,
            "min": 0.051103,
            "med": 0.130909,
            "max": 0.894853,
            "p(90)": 0.206715
        },
        "checks": {
            "passes": 5823,
            "fails": 7678,
            "value": 0.4313013850825865
        },
        "iterations": {
            "count": 13501,
            "rate": 150.01376978848486
        },
        "http_req_connecting": {
            "med": 0,
            "max": 0.808255,
            "p(90)": 0,
            "p(95)": 0,
            "avg": 0.0019608625287015776,
            "min": 0
        },
        "http_reqs": {
            "count": 13501,
            "rate": 150.01376978848486
        },
        "http_req_blocked": {
            "p(90)": 0.011501,
            "p(95)": 0.013901,
            "avg": 0.01208333145692913,
            "min": 0.0042,
            "med": 0.008201,
            "max": 2.948701
        },
        "http_req_sending": {
            "avg": 0.0683900425894375,
            "min": 0.016201,
            "med": 0.067004,
            "max": 0.927963,
            "p(90)": 0.092906,
            "p(95)": 0.107807
        },
        "http_req_failed": {
            "passes": 7678,
            "fails": 5823,
            "value": 0.5686986149174135
        },
        "vus_max": {
            "max": 50,
            "value": 50,
            "min": 50
        },
        "data_received": {
            "count": 4276058,
            "rate": 47512.597616043924
        },
        "data_sent": {
            "count": 3421323,
            "rate": 38015.373742244905
        },
        "http_req_tls_handshaking": {
            "p(90)": 0,
            "p(95)": 0,
            "avg": 0,
            "min": 0,
            "med": 0,
            "max": 0
        }
    }
}