{
    "root_group": {
        "path": "",
        "id": "d41d8cd98f00b204e9800998ecf8427e",
        "groups": {},
        "checks": {
                "status acceptable (201/409/429/503)": {
                    "name": "status acceptable (201/409/429/503)",
                    "path": "::status acceptable (201/409/429/503)",
                    "id": "a4dbd495434157a6b005cd09e159cb37",
                    "passes": 7638,
                    "fails": 0
                }
            },
        "name": ""
    },
    "metrics": {
        "http_req_duration{expected_response:true}": {
            "avg": 7.836536669154212,
            "min": 1.601284,
            "med": 3.2592075,
            "max": 721.389031,
            "p(90)": 4.2757617,
            "p(95)": 5.00147435
        },
        "http_req_waiting": {
            "avg": 7.624320987431264,
            "min": 1.417072,
            "med": 3.055431,
            "max": 720.996008,
            "p(90)": 4.0312902,
            "p(95)": 4.713661199999997
        },
        "dropped_iterations": {
            "count": 24,
            "rate": 0.46984006299119097
        },
        "http_req_tls_handshaking": {
            "avg": 0,
            "min": 0,
            "med": 0,
            "max": 0,
            "p(90)": 0,
            "p(95)": 0
        },
        "data_received": {
            "count": 2658024,
            "rate": 52035.256816337394
        },
        "http_req_connecting": {
            "p(95)": 0,
            "avg": 0.053429898664571894,
            "min": 0,
            "med": 0,
            "max": 52.461358,
            "p(90)": 0
        },
        "http_req_receiving": {
            "med": 0.129408,
            "max": 1.464989,
            "p(90)": 0.20674270000000003,
            "p(95)": 0.23411415,
            "avg": 0.14199950471327502,
            "min": 0.032402
        },
        "checks": {
            "passes": 7638,
            "fails": 0,
            "value": 1
        },
        "vus_max": {
            "value": 71,
            "min": 71,
            "max": 71
        },
        "iterations": {
            "count": 7638,
            "rate": 149.52660004694653
        },
        "http_req_failed": {
            "passes": 0,
            "fails": 7638,
            "value": 0
        },
        "http_req_duration": {
            "max": 721.389031,
            "p(90)": 4.2757617,
            "p(95)": 5.00147435,
            "avg": 7.836536669154212,
            "min": 1.601284,
            "med": 3.2592075
        },
        "http_req_sending": {
            "p(90)": 0.095305,
            "p(95)": 0.111407,
            "avg": 0.07021617700968838,
            "min": 0.016501,
            "med": 0.06675400000000001,
            "max": 4.729985
        },
        "status_201": {
            "rate": 149.52660004694653,
            "count": 7638,
            "thresholds": {
                "count>0": false
            }
        },
        "http_reqs": {
            "count": 7638,
            "rate": 149.52660004694653
        },
        "iteration_duration": {
            "avg": 8.241667719036352,
            "min": 2.514149,
            "med": 3.591009,
            "max": 722.657407,
            "p(90)": 4.680372,
            "p(95)": 5.4569376499999995
        },
        "vus": {
            "max": 2,
            "value": 0,
            "min": 0
        },
        "http_req_blocked": {
            "avg": 0.06542701872217845,
            "min": 0.004,
            "med": 0.0084,
            "max": 52.619868,
            "p(90)": 0.012301,
            "p(95)": 0.015301
        },
        "http_req_duration{status:201}": {
            "avg": 7.836536669154212,
            "min": 1.601284,
            "med": 3.2592075,
            "max": 721.389031,
            "p(90)": 4.2757617,
            "p(95)": 5.00147435,
            "thresholds": {
                "p(95)<350": false
            }
        },
        "data_sent": {
            "rate": 39901.24565620406,
            "count": 2038204
        }
    }
}