{
    "metrics": {
        "http_req_receiving": {
            "min": -2.171655,
            "med": 0.1259055,
            "max": 2.470202,
            "p(90)": 0.2042149,
            "p(95)": 0.235917,
            "avg": 0.13732542667866532
        },
        "http_req_duration": {
            "max": 40.274593,
            "p(90)": 3.8891509,
            "p(95)": 4.377594599999998,
            "avg": 3.029182404504784,
            "min": 0.692463,
            "med": 2.804699,
            "thresholds": {
                "p(95)<200": false
            }
        },
        "http_req_duration{expected_response:true}": {
            "min": 0.692463,
            "med": 2.804699,
            "max": 40.274593,
            "p(90)": 3.8891509,
            "p(95)": 4.377594599999998,
            "avg": 3.029182404504784
        },
        "iteration_duration": {
            "max": 63.542991,
            "p(90)": 4.227011,
            "p(95)": 4.765838,
            "avg": 3.3247297979050603,
            "min": 1.678418,
            "med": 3.059114
        },
        "http_req_sending": {
            "med": 0.044003,
            "max": 1.664007,
            "p(90)": 0.078805,
            "p(95)": 0.09559914999999972,
            "avg": 0.046813296210189405,
            "min": 0.006501
        },
        "http_req_failed": {
            "fails": 40002,
            "passes": 0,
            "value": 0
        },
        "http_reqs": {
            "count": 40002,
            "rate": 799.3057449857364
        },
        "vus_max": {
            "value": 200,
            "min": 200,
            "max": 200
        },
        "data_sent": {
            "count": 3360168,
            "rate": 67141.68257880186
        },
        "iterations": {
            "count": 40001,
            "rate": 799.285763341194
        },
        "vus": {
            "min": 1,
            "max": 4,
            "value": 3
        },
        "http_req_blocked": {
            "avg": 0.04224269061546938,
            "min": 0,
            "med": 0.009201,
            "max": 47.042528,
            "p(90)": 0.013701,
            "p(95)": 0.016401
        },
        "http_req_tls_handshaking": {
            "avg": 0,
            "min": 0,
            "med": 0,
            "max": 0,
            "p(90)": 0,
            "p(95)": 0
        },
        "http_req_connecting": {
            "min": 0,
            "med": 0,
            "max": 46.842316,
            "p(90)": 0,
            "p(95)": 0,
            "avg": 0.031044336633168336
        },
        "checks": {
            "passes": 40001,
            "fails": 0,
            "value": 1
        },
        "http_req_waiting": {
            "p(95)": 4.131262649999999,
            "avg": 2.8450436816159117,
            "min": 0.84457,
            "med": 2.624485,
            "max": 39.811363,
            "p(90)": 3.6598527
        },
        "data_received": {
            "count": 14480724,
            "rate": 289348.6796848366
        }
    },
    "root_group": {
        "id": "d41d8cd98f00b204e9800998ecf8427e",
        "groups": {},
        "checks": {
                "status is 200": {
                    "name": "status is 200",
                    "path": "::status is 200",
                    "id": "6210a8cd14cd70477eba5c5e4cb3fb5f",
                    "passes": 40001,
                    "fails": 0
                }
            },
        "name": "",
        "path": ""
    }
}