{
    "root_group": {
        "name": "",
        "path": "",
        "id": "d41d8cd98f00b204e9800998ecf8427e",
        "groups": {},
        "checks": {
                "status is 200": {
                    "id": "6210a8cd14cd70477eba5c5e4cb3fb5f",
                    "passes": 7070,
                    "fails": 0,
                    "name": "status is 200",
                    "path": "::status is 200"
                }
            }
    },
    "metrics": {
        "data_received": {
            "count": 2559702,
            "rate": 127850.0994554347
        },
        "iterations": {
            "rate": 353.12712305960747,
            "count": 7070
        },
        "http_req_connecting": {
            "max": 0.767746,
            "p(90)": 0,
            "p(95)": 0,
            "avg": 0.003061801442511668,
            "min": 0,
            "med": 0
        },
        "http_req_receiving": {
            "p(95)": 0.17751,
            "avg": 0.08764830519021345,
            "min": 0.015901,
            "med": 0.073904,
            "max": 2.599457,
            "p(90)": 0.146909
        },
        "http_req_sending": {
            "min": 0.0049,
            "med": 0.018601,
            "max": 0.852051,
            "p(90)": 0.041402,
            "p(95)": 0.064604,
            "avg": 0.02563362268420314
        },
        "iteration_duration": {
            "avg": 106.79828468825998,
            "min": 102.187371,
            "med": 104.1355055,
            "max": 553.384618,
            "p(90)": 105.27937700000001,
            "p(95)": 105.8721413
        },
        "http_req_duration{expected_response:true}": {
            "avg": 5.945051410691547,
            "min": 1.588396,
            "med": 3.213094,
            "max": 452.56093,
            "p(90)": 4.332662,
            "p(95)": 4.844443
        },
        "http_req_blocked": {
            "avg": 0.0127212684203083,
            "min": 0.0018,
            "med": 0.006901,
            "max": 2.034922,
            "p(90)": 0.011501,
            "p(95)": 0.0149005
        },
        "data_sent": {
            "count": 593964,
            "rate": 29666.873906785953
        },
        "http_req_duration": {
            "avg": 5.945051410691547,
            "min": 1.588396,
            "med": 3.213094,
            "max": 452.56093,
            "p(90)": 4.332662,
            "p(95)": 4.844443,
            "thresholds": {
                "p(95)<200": false
            }
        },
        "http_req_tls_handshaking": {
            "avg": 0,
            "min": 0,
            "med": 0,
            "max": 0,
            "p(90)": 0,
            "p(95)": 0
        },
        "http_req_waiting": {
            "p(95)": 4.704034,
            "avg": 5.831769482817125,
            "min": 1.482289,
            "med": 3.113288,
            "max": 452.353917,
            "p(90)": 4.206454
        },
        "checks": {
            "passes": 7070,
            "fails": 0,
            "value": 1
        },
        "vus": {
            "value": 1,
            "min": 1,
            "max": 50
        },
        "http_req_failed": {
            "passes": 0,
            "fails": 7071,
            "value": 0
        },
        "vus_max": {
            "max": 50,
            "value": 50,
            "min": 50
        },
        "http_reqs": {
            "count": 7071,
            "rate": 353.1770703188804
        }
    }
}